Data,Modelo,Produto,Loja,Preco_USD,Preco_BRL,Codigo,Link_Produto,Link_Loja,Preferencia_Loja
2026-10-02 09:00:16,Celular Apple iPhone 17 Pro Max 256GB,Apple iPhone 17 Pro Max A3526 Dual 256 GB MFYN4BE/A - Cosmic Orange,Nissei,1335.0,6982.05,147805,https://www.comprasparaguai.com.br/apple-iphone-17-pro-max-a3526-dual-256-gb-mfyn4bea-cosmic-orange__5063595/,https://www.comprasparaguai.com.br/lojas/nissei/,Preferida
2026-10-02 09:00:16,Celular Apple iPhone 17 Pro Max 256GB,Apple iPhone 17 Pro Max A3526 Dual 256 GB MFYP4BE/A - Deep Blue,Nissei,1335.0,6982.05,150913,https://www.comprasparaguai.com.br/apple-iphone-17-pro-max-a3526-dual-256-gb-mfyp4bea-deep-blue__5150876/,https://www.comprasparaguai.com.br/lojas/nissei/,Preferida
2026-10-02 09:00:16,Celular Apple iPhone 17 Pro Max 256GB,iPhone 17 Pro Max 256GB Prata Chip A3526-Anatel,Alborada,1280.0,6694.4,0-814080,https://www.comprasparaguai.com.br/iphone-17-pro-max-256gb-prata-chip-a3526-anatel__5424572/,https://www.comprasparaguai.com.br/lojas/alborada/,Demais lojas
2026-10-02 09:00:16,Celular Apple iPhone 17 Pro Max 256GB,"Apple iPhone 17 Pro Max A3526 Be 256GB 12GB Ram Tela 6.9"" - Laranja Cósmico (Anatel)",Atacado Connect,1285.0,6720.55,1291315,https://www.comprasparaguai.com.br/apple-iphone-17-pro-max-a3526-be-256gb-12gb-ram-tela-69-laranja-cosmico-anatel__5060755/,https://www.comprasparaguai.com.br/lojas/atacado-connect/,Demais lojas
2026-10-02 09:00:16,Celular Apple iPhone 17 Pro Max 256GB,"Celular Apple iPhone 17 Pro Max A3526 Be 256GB 12GB Ram Tela 6.9"" 48MP - Laranja",Super Games,1299.0,6793.77,348607,https://www.comprasparaguai.com.br/celular-apple-iphone-17-pro-max-a3526-be-256gb-12gb-ram-tela-69-48mp-laranja__5349877/,https://www.comprasparaguai.com.br/lojas/super-games/,Demais lojas
2026-10-02 09:00:16,Celular Apple iPhone 17 Pro Max 256GB,"Celular Apple iPhone 17 Pro Max A3526 Be 256GB 12GB Ram Tela 6.9"" 48MP - Azul",Super Games,1299.0,6793.77,353779,https://www.comprasparaguai.com.br/celular-apple-iphone-17-pro-max-a3526-be-256gb-12gb-ram-tela-69-48mp-azul__5349876/,https://www.comprasparaguai.com.br/lojas/super-games/,Demais lojas
2026-10-02 09:00:16,Celular Apple iPhone 17 Pro Max 256GB,iPhone 17 Pro Max 256GB A3526 Be/A Cosmic Orange Sim Fisico + Esim,Best Shop Paraguai,1300.0,6799.0,149556,https://www.comprasparaguai.com.br/iphone-17-pro-max-256gb-a3526-bea-cosmic-orange-sim-fisico-esim__5060971/,https://www.comprasparaguai.com.br/lojas/best-shop-paraguai/,Demais lojas
2026-10-02 09:00:16,Celular Apple iPhone 17 Pro Max 256GB,"Apple iPhone 17 Pro Max Be/A3526 6.9"" 256GB - Deep Blue",Atlantico Shop,1330.0,6955.9,469845,https://www.comprasparaguai.com.br/apple-iphone-17-pro-max-bea3526-69-256gb-deep-blue__5546085/,https://www.comprasparaguai.com.br/lojas/atlantico-shop/,Demais lojas
2026-10-02 09:00:16,Celular Apple iPhone 17 Pro Max 256GB,Apple iPhone 17 Pro Max 256GB MFYP4BE/A Deep Blue Anatel A3526,Avanza,1369.9,7164.58,387393,https://www.comprasparaguai.com.br/apple-iphone-17-pro-max-256gb-mfyp4bea-deep-blue-anatel-a3526__5602966/,https://www.comprasparaguai.com.br/lojas/avanza/,Demais lojas
2026-10-02 09:00:16,Celular Apple iPhone 17 Pro Max 256GB,Apple iPhone 17 Pro Max 256GB MFYN4BE/A Cosmic Orange Anatel A3526,Avanza,1369.9,7164.58,387392,https://www.comprasparaguai.com.br/apple-iphone-17-pro-max-256gb-mfyn4bea-cosmic-orange-anatel-a3526__5602965/,https://www.comprasparaguai.com.br/lojas/avanza/,Demais lojas
2026-10-02 09:00:16,Celular Apple iPhone 17 Pro Max 256GB,iPhone 17 Pro Max 256GB Silver A3526 Anatel e-Sim+Sim,Mundo do Celular,1420.0,7426.6,154659,https://www.comprasparaguai.com.br/iphone-17-pro-max-256gb-silver-a3526-anatel-e-simsim__5330163/,https://www.comprasparaguai.com.br/lojas/mundo-do-celular/,Demais lojas
